,,Economic Data Release Calendar,,,,www.dailyfx.com
,,,,,,
,,"July 3, 2016 - July 8, 2016",,,,research@dailyfx.com
,,,,,,
,,,,,,
Central Bank Rates,,,,,,
AUD,1.75%,,NZD,2.25%,EUR,0.00%
CAD,0.50%,,GBP,0.50%,USD,0.50%
CHF,-0.75%,,JPY,-0.10%,,
,,,,,,
,,,,,,
Date,Currency,Event,GMT,EDT,Forecast,Previous
5-Jul Tue,AUD,AUD Reserve Bank of Australia Rate Decision,04:30,00:30,1.75%,1.75%
,GBP,GBP Carney Publishes BOE Financial Stability Report,09:30,05:30,,
,NZD,NZD Dairy Auction Whole Milk Powder MT,12:00,08:00,,"$2,118 "
,NZD,NZD Dairy Auction Avg. Winning Price MT,12:00,08:00,,"$2,339 "
6-Jul Wed,USD,USD ISM Non-Manufacturing Composite,14:00,10:00,53.30,52.90
8-Jul Fri,USD,USD Unemployment Rate,12:30,08:30,4.80%,4.70%
,USD,USD Change in Non-farm Payrolls,12:30,08:30,180k,11k
,CAD,CAD Unemployment Rate,12:30,08:30,7.00%,6.90%
,CAD,CAD Net Change in Employment,12:30,08:30,6.5k,13.8k
,,,,,,
,,,,,,
,,,,,,
,,,,,,
,,,,,,
