marketlevels,Low_IceConnection_DOW,3000
marketlevels,High_IceConnection_DOW,6800
marketlevels,CloseBid_IceConnection_DOW,6800
marketlevels,CloseOffer_IceConnection_DOW,6800

stocks,IceConnection_DOW,22/1/2016 8:15:0,DAX,100,100,10
stocks,IceConnection_DOW,22/1/2016 8:16:0,DAX,200,200,10
stocks,IceConnection_DOW,22/1/2016 8:17:0,DAX,300,300,10
stocks,IceConnection_DOW,22/1/2016 8:18:0,DAX,400,400,10
stocks,IceConnection_DOW,22/1/2016 8:19:0,DAX,500,500,10
stocks,IceConnection_DOW,22/1/2016 8:20:0,DAX,600,600,10
stocks,IceConnection_DOW,22/1/2016 8:21:0,DAX,700,700,10
stocks,IceConnection_DOW,22/1/2016 8:22:0,DAX,800,800,10
stocks,IceConnection_DOW,22/1/2016 8:23:0,DAX,700,700,10
stocks,IceConnection_DOW,22/1/2016 8:24:0,DAX,600,600,10
stocks,IceConnection_DOW,22/1/2016 8:25:0,DAX,500,500,10
stocks,IceConnection_DOW,22/1/2016 8:26:0,DAX,400,400,10
stocks,IceConnection_DOW,22/1/2016 8:27:0,DAX,300,300,10
stocks,IceConnection_DOW,22/1/2016 8:28:0,DAX,200,200,10
stocks,IceConnection_DOW,22/1/2016 8:29:0,DAX,100,100,10
stocks,IceConnection_DOW,22/1/2016 8:30:0,DOW,3000,3000,10
stocks,IX.D.DAX.DAILY.IP,22/1/2016 8:31:0,DAX,500,500,10
stocks,IceConnection_DOW,22/1/2016 8:31:0,DOW,3800,3800,10
stocks,IX.D.DAX.DAILY.IP,22/1/2016 8:32:0,DAX,1000,1000,10
stocks,IceConnection_DOW,22/1/2016 8:32:0,DOW,4800,4800,10
stocks,IX.D.DAX.DAILY.IP,22/1/2016 8:33:0,DAX,1500,1500,10
stocks,IceConnection_DOW,22/1/2016 8:33:0,DOW,5800,5800,10
stocks,IX.D.DAX.DAILY.IP,22/1/2016 8:34:0,DAX,2000,2000,10
stocks,IceConnection_DOW,22/1/2016 8:34:0,DOW,6800,6800,10
stocks,IX.D.DAX.DAILY.IP,22/1/2016 8:35:0,DAX,1500,1500,10
stocks,IceConnection_DOW,22/1/2016 8:35:0,DOW,5800,5800,10
stocks,IX.D.DAX.DAILY.IP,22/1/2016 8:36:0,DAX,1000,1000,10
stocks,IceConnection_DOW,22/1/2016 8:36:0,DOW,4800,4800,10
stocks,IX.D.DAX.DAILY.IP,22/1/2016 8:37:0,DAX,500,500,10
stocks,IceConnection_DOW,22/1/2016 8:37:0,DOW,3800,3800,10
stocks,IX.D.DAX.DAILY.IP,22/1/2016 8:38:0,DAX,100,100,10
stocks,IceConnection_DOW,22/1/2016 8:38:0,DOW,3000,3000,10
stocks,IX.D.DAX.DAILY.IP,22/1/2016 8:39:0,DAX,500,500,10
stocks,IceConnection_DOW,22/1/2016 8:39:0,DOW,3800,3800,10
stocks,IX.D.DAX.DAILY.IP,22/1/2016 8:40:0,DAX,1000,1000,10
stocks,IceConnection_DOW,22/1/2016 8:40:0,DOW,4800,4800,10
stocks,IX.D.DAX.DAILY.IP,22/1/2016 8:41:0,DAX,1500,1500,10
stocks,IceConnection_DOW,22/1/2016 8:41:0,DOW,5800,5800,10
stocks,IX.D.DAX.DAILY.IP,22/1/2016 8:42:0,DAX,2000,2000,10
stocks,IceConnection_DOW,22/1/2016 8:42:0,DOW,6800,6800,10
stocks,IX.D.DAX.DAILY.IP,22/1/2016 8:43:0,DAX,1500,1500,10
stocks,IceConnection_DOW,22/1/2016 8:43:0,DOW,5800,5800,10
stocks,IX.D.DAX.DAILY.IP,22/1/2016 8:44:0,DAX,1000,1000,10
stocks,IceConnection_DOW,22/1/2016 8:44:0,DOW,4800,4800,10
stocks,IX.D.DAX.DAILY.IP,22/1/2016 8:45:0,DAX,500,500,10
stocks,IceConnection_DOW,22/1/2016 8:45:0,DOW,3800,3800,10
stocks,IX.D.DAX.DAILY.IP,22/1/2016 8:46:0,DAX,100,100,10
stocks,IceConnection_DOW,22/1/2016 8:46:0,DOW,3000,3000,10
stocks,IX.D.DAX.DAILY.IP,22/1/2016 8:47:0,DAX,500,500,10
stocks,IceConnection_DOW,22/1/2016 8:47:0,DOW,3800,3800,10
stocks,IX.D.DAX.DAILY.IP,22/1/2016 8:48:0,DAX,1000,1000,10
stocks,IceConnection_DOW,22/1/2016 8:48:0,DOW,4800,4800,10
stocks,IX.D.DAX.DAILY.IP,22/1/2016 8:49:0,DAX,1500,1500,10
stocks,IceConnection_DOW,22/1/2016 8:49:0,DOW,5800,5800,10
stocks,IX.D.DAX.DAILY.IP,22/1/2016 8:50:0,DAX,2000,2000,10
stocks,IceConnection_DOW,22/1/2016 8:50:0,DOW,6800,6800,10

indicators,EMA_1_IX.D.DAX.DAILY.IP,22/1/2016 8:30:0,100
indicators,EMA_2_IX.D.DAX.DAILY.IP,22/1/2016 8:30:0,100
indicators,RSI_1_14_IceConnection_DOW,22/1/2016 8:32:0,50
indicators,RSI_2_14_IceConnection_DOW,22/1/2016 8:34:0,50
indicators,NearestLevel_IceConnection_DOW,22/1/2016 8:30:0,1733.3333333333333333333333333
indicators,EMA_1_IX.D.DAX.DAILY.IP,22/1/2016 8:31:0,100
indicators,EMA_2_IX.D.DAX.DAILY.IP,22/1/2016 8:31:0,100.0
indicators,Volume_1_IceConnection_DOW,22/1/2016 8:31:0,0.1666666666666666666666666667
indicators,VEMA_1_IceConnection_DOW,22/1/2016 8:31:0,3800
indicators,RSI_1_14_IceConnection_DOW,22/1/2016 8:32:0,50
indicators,RSI_2_14_IceConnection_DOW,22/1/2016 8:34:0,50
indicators,NearestLevel_IceConnection_DOW,22/1/2016 8:31:0,4266.666666666666666666666667
indicators,VEMA_1_IceConnection_DOW,22/1/2016 8:31:0,3800.0000000000000000000000000
indicators,VEMA_1_IceConnection_DOW,22/1/2016 8:31:0,3800.0000000000000000000000000
indicators,EMA_1_IX.D.DAX.DAILY.IP,22/1/2016 8:32:0,500
indicators,EMA_2_IX.D.DAX.DAILY.IP,22/1/2016 8:32:0,300.00
indicators,Volume_1_IceConnection_DOW,22/1/2016 8:32:0,0.1666666666666666666666666667
indicators,VEMA_1_IceConnection_DOW,22/1/2016 8:32:0,4800.000000000000000000000000
indicators,Volume_2_IceConnection_DOW,22/1/2016 8:32:0,0.1666666666666666666666666667
indicators,VEMA_2_IceConnection_DOW,22/1/2016 8:32:0,4800
indicators,RSI_1_14_IceConnection_DOW,22/1/2016 8:32:0,99.90009990009990009990009990
indicators,RSI_2_14_IceConnection_DOW,22/1/2016 8:34:0,50
indicators,Cor_1_IX.D.DAX.DAILY.IP_IceConnection_DOW,22/1/2016 8:32:0,0
indicators,NearestLevel_IceConnection_DOW,22/1/2016 8:32:0,4266.666666666666666666666667
indicators,VEMA_1_IceConnection_DOW,22/1/2016 8:32:0,4800.000000000000000000000000
indicators,VEMA_1_IceConnection_DOW,22/1/2016 8:32:0,4800.000000000000000000000000
indicators,VEMA_2_IceConnection_DOW,22/1/2016 8:32:0,4800.000000000000000000000000
indicators,VEMA_2_IceConnection_DOW,22/1/2016 8:32:0,4800.000000000000000000000000
indicators,EMA_1_IX.D.DAX.DAILY.IP,22/1/2016 8:33:0,1000
indicators,EMA_2_IX.D.DAX.DAILY.IP,22/1/2016 8:33:0,650.000
indicators,Volume_1_IceConnection_DOW,22/1/2016 8:33:0,0.1666666666666666666666666667
indicators,VEMA_1_IceConnection_DOW,22/1/2016 8:33:0,5800.000000000000000000000000
indicators,Volume_2_IceConnection_DOW,22/1/2016 8:33:0,0.1666666666666666666666666667
indicators,VEMA_2_IceConnection_DOW,22/1/2016 8:33:0,5300.000000000000000000000000
indicators,Volume_3_IceConnection_DOW,22/1/2016 8:33:0,0.1666666666666666666666666667
indicators,VEMA_3_IceConnection_DOW,22/1/2016 8:33:0,5800
indicators,RSI_1_14_IceConnection_DOW,22/1/2016 8:33:0,99.90009990009990009990009990
indicators,RSI_2_14_IceConnection_DOW,22/1/2016 8:34:0,99.90009990009990009990009990
indicators,Cor_1_IX.D.DAX.DAILY.IP_IceConnection_DOW,22/1/2016 8:33:0,1
indicators,Cor_2_IX.D.DAX.DAILY.IP_IceConnection_DOW,22/1/2016 8:34:0,0.0
indicators,NearestLevel_IceConnection_DOW,22/1/2016 8:33:0,5533.3333333333333333333333333
indicators,VEMA_1_IceConnection_DOW,22/1/2016 8:33:0,5800.000000000000000000000000
indicators,VEMA_1_IceConnection_DOW,22/1/2016 8:33:0,5800.000000000000000000000000
indicators,VEMA_2_IceConnection_DOW,22/1/2016 8:33:0,5550.000000000000000000000000
indicators,VEMA_2_IceConnection_DOW,22/1/2016 8:33:0,5675.000000000000000000000000
indicators,VEMA_3_IceConnection_DOW,22/1/2016 8:33:0,5800.000000000000000000000000
indicators,VEMA_3_IceConnection_DOW,22/1/2016 8:33:0,5800.000000000000000000000000
indicators,EMA_1_IX.D.DAX.DAILY.IP,22/1/2016 8:34:0,1500
indicators,EMA_2_IX.D.DAX.DAILY.IP,22/1/2016 8:34:0,1075.0000
indicators,Volume_1_IceConnection_DOW,22/1/2016 8:34:0,0.1666666666666666666666666667
indicators,VEMA_1_IceConnection_DOW,22/1/2016 8:34:0,6800.000000000000000000000000
indicators,Volume_2_IceConnection_DOW,22/1/2016 8:34:0,0.1666666666666666666666666667
indicators,VEMA_2_IceConnection_DOW,22/1/2016 8:34:0,6237.500000000000000000000000
indicators,Volume_3_IceConnection_DOW,22/1/2016 8:34:0,0.1666666666666666666666666667
indicators,VEMA_3_IceConnection_DOW,22/1/2016 8:34:0,6133.3333333333333333333333335
indicators,RSI_1_14_IceConnection_DOW,22/1/2016 8:34:0,99.90009990009990009990009990
indicators,RSI_2_14_IceConnection_DOW,22/1/2016 8:34:0,99.90009990009990009990009990
indicators,Cor_1_IX.D.DAX.DAILY.IP_IceConnection_DOW,22/1/2016 8:34:0,1
indicators,Cor_2_IX.D.DAX.DAILY.IP_IceConnection_DOW,22/1/2016 8:34:0,0.00
indicators,NearestLevel_IceConnection_DOW,22/1/2016 8:34:0,5533.3333333333333333333333333
indicators,VEMA_1_IceConnection_DOW,22/1/2016 8:34:0,6800.000000000000000000000000
indicators,VEMA_1_IceConnection_DOW,22/1/2016 8:34:0,6800.000000000000000000000000
indicators,VEMA_2_IceConnection_DOW,22/1/2016 8:34:0,6518.750000000000000000000000
indicators,VEMA_2_IceConnection_DOW,22/1/2016 8:34:0,6659.375000000000000000000000
indicators,VEMA_3_IceConnection_DOW,22/1/2016 8:34:0,6355.5555555555555555555555555
indicators,VEMA_3_IceConnection_DOW,22/1/2016 8:34:0,6503.7037037037037037037037035
indicators,EMA_1_IX.D.DAX.DAILY.IP,22/1/2016 8:35:0,2000
indicators,EMA_2_IX.D.DAX.DAILY.IP,22/1/2016 8:35:0,1537.50000
indicators,Volume_1_IceConnection_DOW,22/1/2016 8:35:0,0.1666666666666666666666666667
indicators,VEMA_1_IceConnection_DOW,22/1/2016 8:35:0,5800.000000000000000000000000
indicators,Volume_2_IceConnection_DOW,22/1/2016 8:35:0,0.1666666666666666666666666667
indicators,VEMA_2_IceConnection_DOW,22/1/2016 8:35:0,6229.687500000000000000000000
indicators,Volume_3_IceConnection_DOW,22/1/2016 8:35:0,0.1666666666666666666666666667
indicators,VEMA_3_IceConnection_DOW,22/1/2016 8:35:0,6269.1358024691358024691358025
indicators,RSI_1_14_IceConnection_DOW,22/1/2016 8:35:0,84.41558441558441558441558442
indicators,RSI_2_14_IceConnection_DOW,22/1/2016 8:36:0,75
indicators,Cor_1_IX.D.DAX.DAILY.IP_IceConnection_DOW,22/1/2016 8:35:0,1
indicators,Cor_2_IX.D.DAX.DAILY.IP_IceConnection_DOW,22/1/2016 8:36:0,1.224264705882355
indicators,NearestLevel_IceConnection_DOW,22/1/2016 8:35:0,5533.3333333333333333333333333
indicators,VEMA_1_IceConnection_DOW,22/1/2016 8:35:0,5800.000000000000000000000000
indicators,VEMA_1_IceConnection_DOW,22/1/2016 8:35:0,5800.000000000000000000000000
indicators,VEMA_2_IceConnection_DOW,22/1/2016 8:35:0,6014.843750000000000000000000
indicators,VEMA_2_IceConnection_DOW,22/1/2016 8:35:0,5907.421875000000000000000000
indicators,VEMA_3_IceConnection_DOW,22/1/2016 8:35:0,6112.757201646090534979423868
indicators,VEMA_3_IceConnection_DOW,22/1/2016 8:35:0,6008.504801097393689986282579
indicators,EMA_1_IX.D.DAX.DAILY.IP,22/1/2016 8:36:0,1500
indicators,EMA_2_IX.D.DAX.DAILY.IP,22/1/2016 8:36:0,1518.750000
indicators,Volume_1_IceConnection_DOW,22/1/2016 8:36:0,0.1666666666666666666666666667
indicators,VEMA_1_IceConnection_DOW,22/1/2016 8:36:0,4800.000000000000000000000000
indicators,Volume_2_IceConnection_DOW,22/1/2016 8:36:0,0.1666666666666666666666666667
indicators,VEMA_2_IceConnection_DOW,22/1/2016 8:36:0,5353.710937500000000000000000
indicators,Volume_3_IceConnection_DOW,22/1/2016 8:36:0,0.1666666666666666666666666667
indicators,VEMA_3_IceConnection_DOW,22/1/2016 8:36:0,5605.6698673982624599908550525
indicators,RSI_1_14_IceConnection_DOW,22/1/2016 8:36:0,76.47058823529411764705882353
indicators,RSI_2_14_IceConnection_DOW,22/1/2016 8:36:0,60
indicators,Cor_1_IX.D.DAX.DAILY.IP_IceConnection_DOW,22/1/2016 8:36:0,1
indicators,Cor_2_IX.D.DAX.DAILY.IP_IceConnection_DOW,22/1/2016 8:36:0,0.63411812717786430
indicators,NearestLevel_IceConnection_DOW,22/1/2016 8:36:0,4266.666666666666666666666667
indicators,VEMA_1_IceConnection_DOW,22/1/2016 8:36:0,4800.000000000000000000000000
indicators,VEMA_1_IceConnection_DOW,22/1/2016 8:36:0,4800.000000000000000000000000
indicators,VEMA_2_IceConnection_DOW,22/1/2016 8:36:0,5076.855468750000000000000000
indicators,VEMA_2_IceConnection_DOW,22/1/2016 8:36:0,4938.427734375000000000000000
indicators,VEMA_3_IceConnection_DOW,22/1/2016 8:36:0,5337.1132449321749733272367015
indicators,VEMA_3_IceConnection_DOW,22/1/2016 8:36:0,5158.075496621449982218157801
indicators,EMA_1_IX.D.DAX.DAILY.IP,22/1/2016 8:37:0,1000
indicators,EMA_2_IX.D.DAX.DAILY.IP,22/1/2016 8:37:0,1259.3750000
indicators,Volume_1_IceConnection_DOW,22/1/2016 8:37:0,0.1666666666666666666666666667
indicators,VEMA_1_IceConnection_DOW,22/1/2016 8:37:0,3800.0000000000000000000000002
indicators,Volume_2_IceConnection_DOW,22/1/2016 8:37:0,0.1666666666666666666666666667
indicators,VEMA_2_IceConnection_DOW,22/1/2016 8:37:0,4369.213867187500000000000000
indicators,Volume_3_IceConnection_DOW,22/1/2016 8:37:0,0.1666666666666666666666666667
indicators,VEMA_3_IceConnection_DOW,22/1/2016 8:37:0,4705.383664414299988145438534
indicators,RSI_1_14_IceConnection_DOW,22/1/2016 8:37:0,70.324574961360123647604327665
indicators,RSI_2_14_IceConnection_DOW,22/1/2016 8:38:0,57.14285714285714285714285714
indicators,Cor_1_IX.D.DAX.DAILY.IP_IceConnection_DOW,22/1/2016 8:37:0,1
indicators,Cor_2_IX.D.DAX.DAILY.IP_IceConnection_DOW,22/1/2016 8:38:0,0.894789373483172150
indicators,NearestLevel_IceConnection_DOW,22/1/2016 8:37:0,4266.666666666666666666666667
indicators,VEMA_1_IceConnection_DOW,22/1/2016 8:37:0,3800.0000000000000000000000000
indicators,VEMA_1_IceConnection_DOW,22/1/2016 8:37:0,3800.0000000000000000000000000
indicators,VEMA_2_IceConnection_DOW,22/1/2016 8:37:0,4084.606933593750000000000000
indicators,VEMA_2_IceConnection_DOW,22/1/2016 8:37:0,3942.3034667968750000000000001
indicators,VEMA_3_IceConnection_DOW,22/1/2016 8:37:0,4403.589109609533325430292356
indicators,VEMA_3_IceConnection_DOW,22/1/2016 8:37:0,4202.392739739688883620194904
indicators,EMA_1_IX.D.DAX.DAILY.IP,22/1/2016 8:38:0,500
indicators,EMA_2_IX.D.DAX.DAILY.IP,22/1/2016 8:38:0,879.68750000
indicators,Volume_1_IceConnection_DOW,22/1/2016 8:38:0,0.1666666666666666666666666667
indicators,VEMA_1_IceConnection_DOW,22/1/2016 8:38:0,3000.0000000000000000000000002
indicators,Volume_2_IceConnection_DOW,22/1/2016 8:38:0,0.1666666666666666666666666667
indicators,VEMA_2_IceConnection_DOW,22/1/2016 8:38:0,3471.1517333984375000000000001
indicators,Volume_3_IceConnection_DOW,22/1/2016 8:38:0,0.1666666666666666666666666667
indicators,VEMA_3_IceConnection_DOW,22/1/2016 8:38:0,3801.5951598264592557467966027
indicators,RSI_1_14_IceConnection_DOW,22/1/2016 8:38:0,66.49616368286445012787723785
indicators,RSI_2_14_IceConnection_DOW,22/1/2016 8:38:0,51.28205128205128205128205128
indicators,Cor_1_IX.D.DAX.DAILY.IP_IceConnection_DOW,22/1/2016 8:38:0,1
indicators,Cor_2_IX.D.DAX.DAILY.IP_IceConnection_DOW,22/1/2016 8:38:0,1.2468530977460460750
indicators,NearestLevel_IceConnection_DOW,22/1/2016 8:38:0,1733.3333333333333333333333333
indicators,VEMA_1_IceConnection_DOW,22/1/2016 8:38:0,3000.0000000000000000000000000
indicators,VEMA_1_IceConnection_DOW,22/1/2016 8:38:0,3000.0000000000000000000000000
indicators,VEMA_2_IceConnection_DOW,22/1/2016 8:38:0,3235.5758666992187500000000001
indicators,VEMA_2_IceConnection_DOW,22/1/2016 8:38:0,3117.7879333496093750000000001
indicators,VEMA_3_IceConnection_DOW,22/1/2016 8:38:0,3534.3967732176395038311977352
indicators,VEMA_3_IceConnection_DOW,22/1/2016 8:38:0,3356.2645154784263358874651568
indicators,EMA_1_IX.D.DAX.DAILY.IP,22/1/2016 8:39:0,100
indicators,EMA_2_IX.D.DAX.DAILY.IP,22/1/2016 8:39:0,489.843750000
indicators,Volume_1_IceConnection_DOW,22/1/2016 8:39:0,0.1666666666666666666666666667
indicators,VEMA_1_IceConnection_DOW,22/1/2016 8:39:0,3799.9999999999999999999999998
indicators,Volume_2_IceConnection_DOW,22/1/2016 8:39:0,0.1666666666666666666666666667
indicators,VEMA_2_IceConnection_DOW,22/1/2016 8:39:0,3458.8939666748046875000000000
indicators,Volume_3_IceConnection_DOW,22/1/2016 8:39:0,0.1666666666666666666666666667
indicators,VEMA_3_IceConnection_DOW,22/1/2016 8:39:0,3504.1763436522842239249767711
indicators,RSI_1_14_IceConnection_DOW,22/1/2016 8:39:0,63.31210191082802547770700637
indicators,RSI_2_14_IceConnection_DOW,22/1/2016 8:40:0,46.22792937399678972712680578
indicators,Cor_1_IX.D.DAX.DAILY.IP_IceConnection_DOW,22/1/2016 8:39:0,1
indicators,Cor_2_IX.D.DAX.DAILY.IP_IceConnection_DOW,22/1/2016 8:40:0,1.14307151781573803750
indicators,NearestLevel_IceConnection_DOW,22/1/2016 8:39:0,4266.666666666666666666666667
indicators,VEMA_1_IceConnection_DOW,22/1/2016 8:39:0,3800.0000000000000000000000000
indicators,VEMA_1_IceConnection_DOW,22/1/2016 8:39:0,3800.0000000000000000000000000
indicators,VEMA_2_IceConnection_DOW,22/1/2016 8:39:0,3629.4469833374023437499999999
indicators,VEMA_2_IceConnection_DOW,22/1/2016 8:39:0,3714.7234916687011718749999999
indicators,VEMA_3_IceConnection_DOW,22/1/2016 8:39:0,3602.7842291015228159499845140
indicators,VEMA_3_IceConnection_DOW,22/1/2016 8:39:0,3668.5228194010152106333230093
indicators,EMA_1_IX.D.DAX.DAILY.IP,22/1/2016 8:40:0,500
indicators,EMA_2_IX.D.DAX.DAILY.IP,22/1/2016 8:40:0,494.9218750000
indicators,Volume_1_IceConnection_DOW,22/1/2016 8:40:0,0.1666666666666666666666666667
indicators,VEMA_1_IceConnection_DOW,22/1/2016 8:40:0,4800.000000000000000000000000
indicators,Volume_2_IceConnection_DOW,22/1/2016 8:40:0,0.1666666666666666666666666667
indicators,VEMA_2_IceConnection_DOW,22/1/2016 8:40:0,4257.361745834350585937500000
indicators,Volume_3_IceConnection_DOW,22/1/2016 8:40:0,0.1666666666666666666666666667
indicators,VEMA_3_IceConnection_DOW,22/1/2016 8:40:0,4045.681879600676807088882006
indicators,RSI_1_14_IceConnection_DOW,22/1/2016 8:40:0,65.45675347456483605451356092
indicators,RSI_2_14_IceConnection_DOW,22/1/2016 8:40:0,50.951683748169838945827232795
indicators,Cor_1_IX.D.DAX.DAILY.IP_IceConnection_DOW,22/1/2016 8:40:0,1
indicators,Cor_2_IX.D.DAX.DAILY.IP_IceConnection_DOW,22/1/2016 8:40:0,0.576287151643556888750
indicators,NearestLevel_IceConnection_DOW,22/1/2016 8:40:0,4266.666666666666666666666667
indicators,VEMA_1_IceConnection_DOW,22/1/2016 8:40:0,4800.000000000000000000000000
indicators,VEMA_1_IceConnection_DOW,22/1/2016 8:40:0,4800.000000000000000000000000
indicators,VEMA_2_IceConnection_DOW,22/1/2016 8:40:0,4528.680872917175292968750000
indicators,VEMA_2_IceConnection_DOW,22/1/2016 8:40:0,4664.340436458587646484375000
indicators,VEMA_3_IceConnection_DOW,22/1/2016 8:40:0,4297.121253067117871392588004
indicators,VEMA_3_IceConnection_DOW,22/1/2016 8:40:0,4464.7475020447452475950586695
indicators,EMA_1_IX.D.DAX.DAILY.IP,22/1/2016 8:41:0,1000
indicators,EMA_2_IX.D.DAX.DAILY.IP,22/1/2016 8:41:0,747.46093750000
indicators,Volume_1_IceConnection_DOW,22/1/2016 8:41:0,0.1666666666666666666666666667
indicators,VEMA_1_IceConnection_DOW,22/1/2016 8:41:0,5800.000000000000000000000000
indicators,Volume_2_IceConnection_DOW,22/1/2016 8:41:0,0.1666666666666666666666666667
indicators,VEMA_2_IceConnection_DOW,22/1/2016 8:41:0,5232.170218229293823242187500
indicators,Volume_3_IceConnection_DOW,22/1/2016 8:41:0,0.1666666666666666666666666667
indicators,VEMA_3_IceConnection_DOW,22/1/2016 8:41:0,4909.831668029830165063372446
indicators,RSI_1_14_IceConnection_DOW,22/1/2016 8:41:0,67.17693682492812184318905898
indicators,RSI_2_14_IceConnection_DOW,22/1/2016 8:42:0,53.79310344827586206896551724
indicators,Cor_1_IX.D.DAX.DAILY.IP_IceConnection_DOW,22/1/2016 8:41:0,1
indicators,Cor_2_IX.D.DAX.DAILY.IP_IceConnection_DOW,22/1/2016 8:42:0,0.9113096048864134443750
indicators,NearestLevel_IceConnection_DOW,22/1/2016 8:41:0,5533.3333333333333333333333333
indicators,VEMA_1_IceConnection_DOW,22/1/2016 8:41:0,5800.000000000000000000000000
indicators,VEMA_1_IceConnection_DOW,22/1/2016 8:41:0,5800.000000000000000000000000
indicators,VEMA_2_IceConnection_DOW,22/1/2016 8:41:0,5516.085109114646911621093750
indicators,VEMA_2_IceConnection_DOW,22/1/2016 8:41:0,5658.042554557323455810546875
indicators,VEMA_3_IceConnection_DOW,22/1/2016 8:41:0,5206.5544453532201100422482975
indicators,VEMA_3_IceConnection_DOW,22/1/2016 8:41:0,5404.369630235480073361498865
indicators,EMA_1_IX.D.DAX.DAILY.IP,22/1/2016 8:42:0,1500
indicators,EMA_2_IX.D.DAX.DAILY.IP,22/1/2016 8:42:0,1123.730468750000
indicators,Volume_1_IceConnection_DOW,22/1/2016 8:42:0,0.1666666666666666666666666667
indicators,VEMA_1_IceConnection_DOW,22/1/2016 8:42:0,6800.000000000000000000000000
indicators,Volume_2_IceConnection_DOW,22/1/2016 8:42:0,0.1666666666666666666666666667
indicators,VEMA_2_IceConnection_DOW,22/1/2016 8:42:0,6229.0212772786617279052734375
indicators,Volume_3_IceConnection_DOW,22/1/2016 8:42:0,0.1666666666666666666666666667
indicators,VEMA_3_IceConnection_DOW,22/1/2016 8:42:0,5869.579753490320048907665910
indicators,RSI_1_14_IceConnection_DOW,22/1/2016 8:42:0,68.61997344138377200449453505
indicators,RSI_2_14_IceConnection_DOW,22/1/2016 8:42:0,56.774193548387096774193548385
indicators,Cor_1_IX.D.DAX.DAILY.IP_IceConnection_DOW,22/1/2016 8:42:0,1
indicators,Cor_2_IX.D.DAX.DAILY.IP_IceConnection_DOW,22/1/2016 8:42:0,1.31462315056545172218750
indicators,NearestLevel_IceConnection_DOW,22/1/2016 8:42:0,5533.3333333333333333333333333
indicators,VEMA_1_IceConnection_DOW,22/1/2016 8:42:0,6800.000000000000000000000000
indicators,VEMA_1_IceConnection_DOW,22/1/2016 8:42:0,6800.000000000000000000000000
indicators,VEMA_2_IceConnection_DOW,22/1/2016 8:42:0,6514.5106386393308639526367185
indicators,VEMA_2_IceConnection_DOW,22/1/2016 8:42:0,6657.2553193196654319763183595
indicators,VEMA_3_IceConnection_DOW,22/1/2016 8:42:0,6179.719835660213365938443940
indicators,VEMA_3_IceConnection_DOW,22/1/2016 8:42:0,6386.4798904401422439589626265
indicators,EMA_1_IX.D.DAX.DAILY.IP,22/1/2016 8:43:0,2000
indicators,EMA_2_IX.D.DAX.DAILY.IP,22/1/2016 8:43:0,1561.8652343750000
indicators,Volume_1_IceConnection_DOW,22/1/2016 8:43:0,0.1666666666666666666666666667
indicators,VEMA_1_IceConnection_DOW,22/1/2016 8:43:0,5800.000000000000000000000000
indicators,Volume_2_IceConnection_DOW,22/1/2016 8:43:0,0.1666666666666666666666666667
indicators,VEMA_2_IceConnection_DOW,22/1/2016 8:43:0,6228.6276596598327159881591795
indicators,Volume_3_IceConnection_DOW,22/1/2016 8:43:0,0.1666666666666666666666666667
indicators,VEMA_3_IceConnection_DOW,22/1/2016 8:43:0,6190.986593626761495972641751
indicators,RSI_1_14_IceConnection_DOW,22/1/2016 8:43:0,69.340711967221837918373862605
indicators,RSI_2_14_IceConnection_DOW,22/1/2016 8:44:0,60.62052505966587112171837709
indicators,Cor_1_IX.D.DAX.DAILY.IP_IceConnection_DOW,22/1/2016 8:43:0,1
indicators,Cor_2_IX.D.DAX.DAILY.IP_IceConnection_DOW,22/1/2016 8:44:0,1.392176909135090861093750
indicators,NearestLevel_IceConnection_DOW,22/1/2016 8:43:0,5533.3333333333333333333333333
indicators,VEMA_1_IceConnection_DOW,22/1/2016 8:43:0,5800.000000000000000000000000
indicators,VEMA_1_IceConnection_DOW,22/1/2016 8:43:0,5800.000000000000000000000000
indicators,VEMA_2_IceConnection_DOW,22/1/2016 8:43:0,6014.313829829916357994079590
indicators,VEMA_2_IceConnection_DOW,22/1/2016 8:43:0,5907.156914914958178997039795
indicators,VEMA_3_IceConnection_DOW,22/1/2016 8:43:0,6060.6577290845076639817611675
indicators,VEMA_3_IceConnection_DOW,22/1/2016 8:43:0,5973.771819389671775987840778
indicators,EMA_1_IX.D.DAX.DAILY.IP,22/1/2016 8:44:0,1500
indicators,EMA_2_IX.D.DAX.DAILY.IP,22/1/2016 8:44:0,1530.93261718750000
indicators,Volume_1_IceConnection_DOW,22/1/2016 8:44:0,0.1666666666666666666666666667
indicators,VEMA_1_IceConnection_DOW,22/1/2016 8:44:0,4800.000000000000000000000000
indicators,Volume_2_IceConnection_DOW,22/1/2016 8:44:0,0.1666666666666666666666666667
indicators,VEMA_2_IceConnection_DOW,22/1/2016 8:44:0,5353.5784574574790894985198975
indicators,Volume_3_IceConnection_DOW,22/1/2016 8:44:0,0.1666666666666666666666666667
indicators,VEMA_3_IceConnection_DOW,22/1/2016 8:44:0,5582.514546259781183991893852
indicators,RSI_1_14_IceConnection_DOW,22/1/2016 8:44:0,67.11173173671021673011075616
indicators,RSI_2_14_IceConnection_DOW,22/1/2016 8:44:0,57.67109957833279273434965942
indicators,Cor_1_IX.D.DAX.DAILY.IP_IceConnection_DOW,22/1/2016 8:44:0,1
indicators,Cor_2_IX.D.DAX.DAILY.IP_IceConnection_DOW,22/1/2016 8:44:0,0.7274146946056222805468750
indicators,NearestLevel_IceConnection_DOW,22/1/2016 8:44:0,4266.666666666666666666666667
indicators,VEMA_1_IceConnection_DOW,22/1/2016 8:44:0,4800.000000000000000000000000
indicators,VEMA_1_IceConnection_DOW,22/1/2016 8:44:0,4800.000000000000000000000000
indicators,VEMA_2_IceConnection_DOW,22/1/2016 8:44:0,5076.789228728739544749259949
indicators,VEMA_2_IceConnection_DOW,22/1/2016 8:44:0,4938.3946143643697723746299745
indicators,VEMA_3_IceConnection_DOW,22/1/2016 8:44:0,5321.6763641731874559945959015
indicators,VEMA_3_IceConnection_DOW,22/1/2016 8:44:0,5147.784242782124970663063934
indicators,EMA_1_IX.D.DAX.DAILY.IP,22/1/2016 8:45:0,1000
indicators,EMA_2_IX.D.DAX.DAILY.IP,22/1/2016 8:45:0,1265.466308593750000
indicators,Volume_1_IceConnection_DOW,22/1/2016 8:45:0,0.1666666666666666666666666667
indicators,VEMA_1_IceConnection_DOW,22/1/2016 8:45:0,3800.0000000000000000000000002
indicators,Volume_2_IceConnection_DOW,22/1/2016 8:45:0,0.1666666666666666666666666667
indicators,VEMA_2_IceConnection_DOW,22/1/2016 8:45:0,4369.1973071821848861873149875
indicators,Volume_3_IceConnection_DOW,22/1/2016 8:45:0,0.1666666666666666666666666667
indicators,VEMA_3_IceConnection_DOW,22/1/2016 8:45:0,4698.5228285214166471087092895
indicators,RSI_1_14_IceConnection_DOW,22/1/2016 8:45:0,65.108122277225426017082438305
indicators,RSI_2_14_IceConnection_DOW,22/1/2016 8:46:0,55.60268162539335066356546723
indicators,Cor_1_IX.D.DAX.DAILY.IP_IceConnection_DOW,22/1/2016 8:45:0,1
indicators,Cor_2_IX.D.DAX.DAILY.IP_IceConnection_DOW,22/1/2016 8:46:0,0.91007936359383614027343750
indicators,NearestLevel_IceConnection_DOW,22/1/2016 8:45:0,4266.666666666666666666666667
indicators,VEMA_1_IceConnection_DOW,22/1/2016 8:45:0,3800.0000000000000000000000000
indicators,VEMA_1_IceConnection_DOW,22/1/2016 8:45:0,3800.0000000000000000000000000
indicators,VEMA_2_IceConnection_DOW,22/1/2016 8:45:0,4084.5986535910924430936574935
indicators,VEMA_2_IceConnection_DOW,22/1/2016 8:45:0,3942.2993267955462215468287469
indicators,VEMA_3_IceConnection_DOW,22/1/2016 8:45:0,4399.0152190142777647391395265
indicators,VEMA_3_IceConnection_DOW,22/1/2016 8:45:0,4199.343479342851843159426351
indicators,EMA_1_IX.D.DAX.DAILY.IP,22/1/2016 8:46:0,500
indicators,EMA_2_IX.D.DAX.DAILY.IP,22/1/2016 8:46:0,882.7331542968750000
indicators,Volume_1_IceConnection_DOW,22/1/2016 8:46:0,0.1666666666666666666666666667
indicators,VEMA_1_IceConnection_DOW,22/1/2016 8:46:0,3000.0000000000000000000000002
indicators,Volume_2_IceConnection_DOW,22/1/2016 8:46:0,0.1666666666666666666666666667
indicators,VEMA_2_IceConnection_DOW,22/1/2016 8:46:0,3471.1496633977731107734143735
indicators,Volume_3_IceConnection_DOW,22/1/2016 8:46:0,0.1666666666666666666666666667
indicators,VEMA_3_IceConnection_DOW,22/1/2016 8:46:0,3799.5623195619012287729509006
indicators,RSI_1_14_IceConnection_DOW,22/1/2016 8:46:0,62.437869157828720128052718775
indicators,RSI_2_14_IceConnection_DOW,22/1/2016 8:46:0,53.83494502583123592528811763
indicators,Cor_1_IX.D.DAX.DAILY.IP_IceConnection_DOW,22/1/2016 8:46:0,1
indicators,Cor_2_IX.D.DAX.DAILY.IP_IceConnection_DOW,22/1/2016 8:46:0,1.227195657008858070136718750
indicators,NearestLevel_IceConnection_DOW,22/1/2016 8:46:0,1733.3333333333333333333333333
indicators,VEMA_1_IceConnection_DOW,22/1/2016 8:46:0,3000.0000000000000000000000000
indicators,VEMA_1_IceConnection_DOW,22/1/2016 8:46:0,3000.0000000000000000000000000
indicators,VEMA_2_IceConnection_DOW,22/1/2016 8:46:0,3235.5748316988865553867071868
indicators,VEMA_2_IceConnection_DOW,22/1/2016 8:46:0,3117.7874158494432776933535934
indicators,VEMA_3_IceConnection_DOW,22/1/2016 8:46:0,3533.0415463746008191819672671
indicators,VEMA_3_IceConnection_DOW,22/1/2016 8:46:0,3355.3610309164005461213115114
indicators,EMA_1_IX.D.DAX.DAILY.IP,22/1/2016 8:47:0,100
indicators,EMA_2_IX.D.DAX.DAILY.IP,22/1/2016 8:47:0,491.36657714843750000
indicators,Volume_1_IceConnection_DOW,22/1/2016 8:47:0,0.1666666666666666666666666667
indicators,VEMA_1_IceConnection_DOW,22/1/2016 8:47:0,3799.9999999999999999999999998
indicators,Volume_2_IceConnection_DOW,22/1/2016 8:47:0,0.1666666666666666666666666667
indicators,VEMA_2_IceConnection_DOW,22/1/2016 8:47:0,3458.8937079247216388466767966
indicators,Volume_3_IceConnection_DOW,22/1/2016 8:47:0,0.1666666666666666666666666667
indicators,VEMA_3_IceConnection_DOW,22/1/2016 8:47:0,3503.5740206109336974142076742
indicators,RSI_1_14_IceConnection_DOW,22/1/2016 8:47:0,58.848051683231144211438360045
indicators,RSI_2_14_IceConnection_DOW,22/1/2016 8:48:0,49.48304604544596003974673773
indicators,Cor_1_IX.D.DAX.DAILY.IP_IceConnection_DOW,22/1/2016 8:47:0,1
indicators,Cor_2_IX.D.DAX.DAILY.IP_IceConnection_DOW,22/1/2016 8:48:0,1.1228774320750690350683593750
indicators,NearestLevel_IceConnection_DOW,22/1/2016 8:47:0,4266.666666666666666666666667
indicators,VEMA_1_IceConnection_DOW,22/1/2016 8:47:0,3800.0000000000000000000000000
indicators,VEMA_1_IceConnection_DOW,22/1/2016 8:47:0,3800.0000000000000000000000000
indicators,VEMA_2_IceConnection_DOW,22/1/2016 8:47:0,3629.4468539623608194233383982
indicators,VEMA_2_IceConnection_DOW,22/1/2016 8:47:0,3714.7234269811804097116691991
indicators,VEMA_3_IceConnection_DOW,22/1/2016 8:47:0,3602.3826804072891316094717828
indicators,VEMA_3_IceConnection_DOW,22/1/2016 8:47:0,3668.2551202715260877396478552
indicators,EMA_1_IX.D.DAX.DAILY.IP,22/1/2016 8:48:0,500
indicators,EMA_2_IX.D.DAX.DAILY.IP,22/1/2016 8:48:0,495.683288574218750000
indicators,Volume_1_IceConnection_DOW,22/1/2016 8:48:0,0.1666666666666666666666666667
indicators,VEMA_1_IceConnection_DOW,22/1/2016 8:48:0,4800.000000000000000000000000
indicators,Volume_2_IceConnection_DOW,22/1/2016 8:48:0,0.1666666666666666666666666667
indicators,VEMA_2_IceConnection_DOW,22/1/2016 8:48:0,4257.3617134905902048558345995
indicators,Volume_3_IceConnection_DOW,22/1/2016 8:48:0,0.1666666666666666666666666667
indicators,VEMA_3_IceConnection_DOW,22/1/2016 8:48:0,4045.5034135143507251597652365
indicators,RSI_1_14_IceConnection_DOW,22/1/2016 8:48:0,58.86753650007633882666303674
indicators,RSI_2_14_IceConnection_DOW,22/1/2016 8:48:0,51.16733216375197466083463654
indicators,Cor_1_IX.D.DAX.DAILY.IP_IceConnection_DOW,22/1/2016 8:48:0,1
indicators,Cor_2_IX.D.DAX.DAILY.IP_IceConnection_DOW,22/1/2016 8:48:0,0.5654177574622714175341796875
indicators,NearestLevel_IceConnection_DOW,22/1/2016 8:48:0,4266.666666666666666666666667
indicators,VEMA_1_IceConnection_DOW,22/1/2016 8:48:0,4800.000000000000000000000000
indicators,VEMA_1_IceConnection_DOW,22/1/2016 8:48:0,4800.000000000000000000000000
indicators,VEMA_2_IceConnection_DOW,22/1/2016 8:48:0,4528.6808567452951024279172995
indicators,VEMA_2_IceConnection_DOW,22/1/2016 8:48:0,4664.340428372647551213958650
indicators,VEMA_3_IceConnection_DOW,22/1/2016 8:48:0,4297.0022756762338167731768245
indicators,VEMA_3_IceConnection_DOW,22/1/2016 8:48:0,4464.6681837841558778487845495
indicators,EMA_1_IX.D.DAX.DAILY.IP,22/1/2016 8:49:0,1000
indicators,EMA_2_IX.D.DAX.DAILY.IP,22/1/2016 8:49:0,747.8416442871093750000
indicators,Volume_1_IceConnection_DOW,22/1/2016 8:49:0,0.1666666666666666666666666667
indicators,VEMA_1_IceConnection_DOW,22/1/2016 8:49:0,5800.000000000000000000000000
indicators,Volume_2_IceConnection_DOW,22/1/2016 8:49:0,0.1666666666666666666666666667
indicators,VEMA_2_IceConnection_DOW,22/1/2016 8:49:0,5232.170214186323775606979325
indicators,Volume_3_IceConnection_DOW,22/1/2016 8:49:0,0.1666666666666666666666666667
indicators,VEMA_3_IceConnection_DOW,22/1/2016 8:49:0,4909.7787891894372518991896995
indicators,RSI_1_14_IceConnection_DOW,22/1/2016 8:49:0,62.092185373804721006302296335
indicators,RSI_2_14_IceConnection_DOW,22/1/2016 8:50:0,52.573585534076243078588378965
indicators,Cor_1_IX.D.DAX.DAILY.IP_IceConnection_DOW,22/1/2016 8:49:0,1
indicators,Cor_2_IX.D.DAX.DAILY.IP_IceConnection_DOW,22/1/2016 8:50:0,0.8976053966415107087670898438
indicators,NearestLevel_IceConnection_DOW,22/1/2016 8:49:0,5533.3333333333333333333333333
indicators,VEMA_1_IceConnection_DOW,22/1/2016 8:49:0,5800.000000000000000000000000
indicators,VEMA_1_IceConnection_DOW,22/1/2016 8:49:0,5800.000000000000000000000000
indicators,VEMA_2_IceConnection_DOW,22/1/2016 8:49:0,5516.0851070931618878034896625
indicators,VEMA_2_IceConnection_DOW,22/1/2016 8:49:0,5658.042553546580943901744831
indicators,VEMA_3_IceConnection_DOW,22/1/2016 8:49:0,5206.519192792958167932793133
indicators,VEMA_3_IceConnection_DOW,22/1/2016 8:49:0,5404.3461285286387786218620885
indicators,EMA_1_IX.D.DAX.DAILY.IP,22/1/2016 8:50:0,1500
indicators,EMA_2_IX.D.DAX.DAILY.IP,22/1/2016 8:50:0,1123.92082214355468750000
indicators,Volume_1_IceConnection_DOW,22/1/2016 8:50:0,0.1666666666666666666666666667
indicators,VEMA_1_IceConnection_DOW,22/1/2016 8:50:0,6800.000000000000000000000000
indicators,Volume_2_IceConnection_DOW,22/1/2016 8:50:0,0.1666666666666666666666666667
indicators,VEMA_2_IceConnection_DOW,22/1/2016 8:50:0,6229.0212767732904719508724155
indicators,Volume_3_IceConnection_DOW,22/1/2016 8:50:0,0.1666666666666666666666666667
indicators,VEMA_3_IceConnection_DOW,22/1/2016 8:50:0,5869.564085685759185747908059
indicators,RSI_1_14_IceConnection_DOW,22/1/2016 8:50:0,65.33217510234634186912605927
indicators,RSI_2_14_IceConnection_DOW,22/1/2016 8:50:0,53.916584635715152577569816205
indicators,Cor_1_IX.D.DAX.DAILY.IP_IceConnection_DOW,22/1/2016 8:50:0,1
indicators,Cor_2_IX.D.DAX.DAILY.IP_IceConnection_DOW,22/1/2016 8:50:0,1.3035206528890103543835449219
indicators,NearestLevel_IceConnection_DOW,22/1/2016 8:50:0,5533.3333333333333333333333333
indicators,VEMA_1_IceConnection_DOW,22/1/2016 8:50:0,6800.000000000000000000000000
indicators,VEMA_1_IceConnection_DOW,22/1/2016 8:50:0,6800.000000000000000000000000
indicators,VEMA_2_IceConnection_DOW,22/1/2016 8:50:0,6514.5106383866452359754362075
indicators,VEMA_2_IceConnection_DOW,22/1/2016 8:50:0,6657.255319193322617987718104
indicators,VEMA_3_IceConnection_DOW,22/1/2016 8:50:0,6179.7093904571727904986053725
indicators,VEMA_3_IceConnection_DOW,22/1/2016 8:50:0,6386.4729269714485269990702485
indicators,Low_IceConnection_DOW,22/1/2016 9:0:0,3000
indicators,High_IceConnection_DOW,22/1/2016 9:0:0,6800
indicators,CloseBid_IceConnection_DOW,22/1/2016 9:0:0,6800
indicators,CloseOffer_IceConnection_DOW,22/1/2016 9:0:0,6800
indicators,LVLPivot_IceConnection_DOW,22/1/2016 9:0:0,5533.3333333333333333333333333
indicators,LVLR1_IceConnection_DOW,22/1/2016 9:0:0,8066.666666666666666666666667
indicators,LVLR2_IceConnection_DOW,22/1/2016 9:0:0,9333.333333333333333333333333
indicators,LVLR3_IceConnection_DOW,22/1/2016 9:0:0,11866.666666666666666666666667
indicators,LVLS1_IceConnection_DOW,22/1/2016 9:0:0,4266.666666666666666666666667
indicators,LVLS2_IceConnection_DOW,22/1/2016 9:0:0,1733.3333333333333333333333333
indicators,LVLS3_IceConnection_DOW,22/1/2016 9:0:0,466.666666666666666666666667

signals,MacDV_1_2_IceConnection_DOW,22/1/2016 8:35:0,,3,5800
signals,MacDV_1_2_IceConnection_DOW,22/1/2016 8:39:0,,2,3800
signals,MacDV_2_3_IceConnection_DOW,22/1/2016 8:39:0,,2,3800
signals,MacDV_1_2_IceConnection_DOW,22/1/2016 8:43:0,,3,5800
signals,MacDV_2_3_IceConnection_DOW,22/1/2016 8:43:0,,3,5800
signals,MacDV_1_2_IceConnection_DOW,22/1/2016 8:47:0,,2,3800
signals,MacDV_2_3_IceConnection_DOW,22/1/2016 8:47:0,,2,3800


